gc,kind,pause_us,suspend_us,fixctx_us,roots_us,freach_us,handles_us,dep_us,after_us,weak_us,cards_us,card_regions,sweep_us,zero_us,zero_mb,marked_n,marked_mb,live_mb,committed_mb,win_n,win_ms,wait_ms,carve_ms,wzero_ms,blk_n,span_n,hole_n,clean_n,pause_a_us,window_us,pause_b_us,window_marked_n,bsusp_us,rescan_us,drain2_us,predrain_us,predrain_cards,predrain_passes,csweep_us,trim_us,pool_mb,bfresh_n,breo_n,bold_n,holes_mb,tail_mb,cls_n,clsfree_mb,spanreg_n,budget_mb,reason,cold_n,fitdisc_n,disc_mb,req_mb
0,young,8203,86,9,5462,0,362,1,1,1280,3,0,878,0,0.0,202953,15.8,15.8,88.0,510,0.9,0.1,0.7,0.0,11,0,12,508,0,0,0,0,0,0,0,0,0,0,0,0,10.0,0,0,38,9.0,12.5,1,1.9,0,64.0,,60,0,0.2,0.4
1,young,6613,21,7,2461,0,9,1,1,151,2801,38,1105,2840,18.8,90123,6.7,22.5,136.0,1037,4.5,0.1,1.2,2.9,11,0,93,873,0,0,0,0,0,0,0,0,0,0,0,0,0.0,0,0,67,2.9,15.2,1,1.9,0,64.0,,91,0,0.2,0.5
2,young,4482,21,5,1737,0,8,1,0,61,1985,67,637,3077,21.4,63723,4.2,26.7,192.0,1555,5.4,0.2,1.8,3.1,11,0,125,1366,0,0,0,0,0,0,0,0,0,0,0,0,0.0,0,0,95,24.7,10.1,1,1.9,0,64.0,,116,0,0.3,0.6
3,full-cycle,12178,42,1859,0,0,0,1,0,311,815,116,335,3724,45.9,184203,15.6,15.6,244.0,2209,7.4,0.4,2.7,3.7,11,0,444,1722,1901,6909,2589,165123,29,1375,31,0,0,0,756,0,0.0,3,3,115,205.6,5.5,1,1.9,0,64.0,starved,166,0,0.4,0.8
4,young,5238,45,5,1767,0,11,1,1,51,2706,117,621,12020,244.0,62529,4.0,19.7,244.0,4522,8.7,0.5,3.2,4.2,11,0,2793,3537,0,0,0,0,0,0,0,0,0,0,0,0,0.0,0,0,121,151.1,5.5,1,1.9,0,64.0,,185,0,0.6,1.3
5,young,6653,154,6,1476,0,17,1,1,60,3422,103,1480,12553,266.5,66605,4.2,23.9,244.0,6095,9.7,0.5,3.7,4.4,11,0,4412,4972,0,0,0,0,0,0,0,0,0,0,0,0,0.0,0,0,121,94.7,5.5,1,1.9,0,64.0,,212,0,0.8,1.7
6,full-cycle,12898,20,1497,0,0,0,1,0,54,312,91,76,12975,283.4,182275,15.5,15.5,244.0,7605,10.7,0.6,4.1,4.8,11,0,5968,6398,1516,7552,2638,178355,73,2145,28,0,0,0,1148,0,16.0,6,8,99,180.0,10.9,1,1.9,0,64.0,starved,266,0,1.0,2.0
7,young,5505,51,4,2190,0,16,1,0,47,2735,103,406,17924,426.9,61085,4.0,19.5,244.0,9337,13.5,0.6,4.5,6.8,11,0,7715,7248,0,0,0,0,0,0,0,0,0,0,0,0,16.0,0,0,113,135.4,10.9,1,1.9,0,64.0,,273,0,1.2,2.4
8,young,4710,26,3,483,0,20,1,1,60,2922,102,1153,18871,467.1,58138,3.8,23.3,244.0,11934,14.9,0.7,5.1,7.0,11,0,10334,9617,0,0,0,0,0,0,0,0,0,0,0,0,16.0,0,0,113,78.2,10.9,1,1.9,0,64.0,,294,0,1.4,3.0
9,full-cycle,12087,42,2159,0,0,0,1,0,53,858,94,59,19191,480.8,178290,15.3,15.3,244.0,13592,15.8,0.7,5.5,7.2,11,0,12026,11261,2201,7392,1493,169893,15,530,24,0,0,0,992,0,30.0,2,0,104,178.2,3.7,1,1.9,0,64.0,starved,340,0,1.7,3.4
10,young,4577,28,6,1621,0,11,1,0,44,2405,102,416,24398,679.9,71426,4.7,20.0,244.0,15516,16.8,0.8,6.0,7.4,11,0,13994,12929,0,0,0,0,0,0,0,0,0,0,0,0,32.0,0,0,105,126.2,1.9,1,1.9,0,64.0,,365,0,1.9,3.8
11,young,5116,32,6,1165,0,14,1,1,53,2767,100,1026,24867,698.7,63224,4.1,24.1,244.0,17407,17.9,0.8,6.4,7.7,11,0,15927,14746,0,0,0,0,0,0,0,0,0,0,0,0,32.0,0,0,105,69.7,1.9,1,1.9,0,64.0,,390,0,2.1,4.3
12,full-cycle,11858,107,1664,0,0,0,1,1,45,1003,85,52,25251,714.7,182878,15.7,15.7,244.0,19563,19.1,0.9,6.9,8.0,11,0,18142,16809,1770,7111,1584,169303,16,483,26,0,0,0,1386,0,52.0,0,11,84,155.4,0.0,1,1.9,0,64.0,starved,443,0,2.3,4.7
13,young,5100,26,4,1295,0,11,1,1,40,2936,87,740,28956,861.7,59936,3.9,19.6,244.0,22409,22.0,1.0,7.5,9.8,11,0,21002,17173,0,0,0,0,0,0,0,0,0,0,0,0,52.0,0,0,95,103.6,0.0,1,1.9,0,64.0,,461,0,2.6,5.3
14,young,5766,64,6,1729,0,9,1,0,38,2754,87,1100,29922,896.3,61323,3.9,23.5,244.0,24417,23.6,1.1,8.0,10.6,11,0,23046,18469,0,0,0,0,0,0,0,0,0,0,0,0,52.0,0,0,95,52.1,0.0,1,1.9,0,64.0,,484,0,2.8,5.7
15,full-cycle,13161,68,1729,0,0,0,2,0,61,931,105,68,30394,915.1,182870,15.7,15.7,244.0,25627,24.6,1.1,8.4,10.8,11,0,24147,19566,1796,7912,2238,171971,17,1154,62,0,0,0,1195,0,14.0,7,3,104,181.0,12.9,1,1.9,0,64.0,starved,544,0,2.9,6.0
16,young,4369,32,8,1062,0,17,1,1,52,2631,107,518,34828,1090.4,62327,4.0,19.7,244.0,27662,25.9,1.2,8.9,11.3,11,0,26201,21166,0,0,0,0,0,0,0,0,0,0,0,1,16.0,0,0,113,133.7,11.0,1,1.9,0,64.0,,554,0,3.2,6.5
17,young,4456,21,6,825,0,12,1,0,44,2579,98,927,35311,1111.6,57704,3.8,23.4,244.0,29549,26.9,1.2,9.4,11.5,11,0,28110,23021,0,0,0,0,0,0,0,0,0,0,0,0,16.0,0,0,113,76.1,11.0,1,1.9,0,64.0,,574,0,3.4,7.0
18,full-cycle,11248,28,898,0,0,0,1,0,50,833,87,55,35689,1126.8,181242,15.5,15.5,244.0,31458,27.9,1.3,9.8,11.7,11,0,30055,24858,926,7781,1374,173055,20,424,37,0,0,0,1149,0,22.0,4,4,102,176.3,7.5,1,1.9,0,64.0,starved,614,0,3.7,7.5
19,young,4568,27,4,1031,0,20,1,0,49,2916,103,472,39377,1288.0,62424,4.0,19.6,244.0,32476,29.0,1.3,10.1,12.3,11,0,31094,25651,0,0,0,0,0,0,0,0,0,0,0,0,24.0,0,0,109,131.8,5.6,1,1.9,0,64.0,,625,0,3.7,7.7
20,young,4274,28,5,351,0,17,1,0,56,2715,102,1073,40078,1320.2,59463,3.8,23.4,244.0,34253,29.9,1.4,10.5,12.5,11,0,32904,27398,0,0,0,0,0,0,0,0,0,0,0,0,24.0,0,0,109,75.4,5.6,1,1.9,0,64.0,,645,0,4.0,8.1
21,full-cycle,8940,20,605,0,0,0,1,0,46,161,80,51,40472,1338.5,185595,15.9,15.9,244.0,36195,31.0,1.6,11.0,12.7,11,0,34871,29279,626,6467,499,182413,15,240,27,0,0,0,1341,0,36.0,1,1,101,168.3,1.9,1,1.9,0,64.0,starved,675,0,4.2,8.6
22,young,4560,85,5,846,0,14,1,0,47,2994,97,540,44499,1504.7,59537,3.8,19.7,244.0,37856,32.3,1.6,11.7,12.9,11,0,36560,30603,0,0,0,0,0,0,0,0,0,0,0,0,38.0,0,0,102,119.2,0.0,1,1.9,0,64.0,,694,0,4.4,9.0
23,young,5587,100,7,1508,0,14,1,1,45,2770,96,1079,44999,1526.0,62047,4.0,23.7,244.0,39482,33.2,1.7,12.2,13.2,11,0,38221,32123,0,0,0,0,0,0,0,0,0,0,0,0,38.0,0,0,102,65.4,0.0,1,1.9,0,64.0,,717,0,4.6,9.4
24,full-cycle,11988,19,667,0,0,0,1,0,53,186,82,58,45428,1544.1,176368,15.1,15.1,244.0,41314,34.4,1.8,12.6,13.5,11,0,40066,33852,686,8311,1816,175394,32,1515,19,0,0,0,1155,0,34.0,4,0,100,166.8,7.5,1,1.9,0,64.0,starved,746,0,4.8,9.8
25,young,5882,36,5,1294,0,14,1,0,52,3248,91,1180,49849,1710.4,59621,3.8,19.0,244.0,43772,35.8,1.9,13.4,13.6,11,0,42564,36214,0,0,0,0,0,0,0,0,0,0,0,0,36.0,0,0,103,109.9,5.6,1,1.9,0,64.0,,763,0,5.1,10.4
26,young,5168,49,4,877,0,12,1,0,44,3115,90,1024,50310,1727.2,68536,4.5,23.4,244.0,45446,37.5,2.1,14.2,13.9,11,0,44264,37745,0,0,0,0,0,0,0,0,0,0,0,0,36.0,0,0,103,59.0,5.6,1,1.9,0,64.0,,781,0,5.3,10.8
27,full-cycle,10256,29,681,0,0,0,1,0,54,158,92,61,50982,1753.3,178287,15.3,15.3,244.0,46261,38.6,2.2,14.6,14.5,11,0,45028,38347,710,7843,632,177038,13,367,31,0,0,0,1054,0,24.0,3,2,104,178.1,5.6,1,1.9,0,64.0,starved,813,0,5.4,11.0
28,young,5105,20,5,926,0,13,1,0,52,3461,103,605,55211,1924.5,78541,5.4,20.7,244.0,47626,39.6,2.2,15.0,14.9,11,0,46433,39467,0,0,0,0,0,0,0,0,0,0,0,1,24.0,0,0,109,125.7,5.6,1,1.9,0,64.0,,829,0,5.6,11.4
29,young,5498,23,8,693,0,14,1,0,65,3702,105,954,55795,1945.9,91621,6.9,27.6,244.0,49125,40.5,2.3,15.4,15.0,11,0,48057,41008,0,0,0,0,0,0,0,0,0,0,0,0,24.0,0,0,109,74.5,5.6,1,1.9,0,64.0,,881,0,5.7,11.7
30,full-cycle,9136,33,431,0,0,0,1,0,139,1102,83,144,56310,1967.3,172408,14.9,14.9,244.0,51082,41.6,2.3,15.8,15.3,11,0,50033,42899,464,6105,1569,160084,11,283,23,0,0,0,987,0,18.0,7,1,104,177.6,13.1,1,1.9,0,64.0,starved,921,0,6.0,12.2
31,young,3072,14,4,240,0,15,1,0,55,2320,102,404,59984,2131.4,73209,4.7,19.6,244.0,52272,42.5,2.4,16.2,15.6,11,0,51246,43732,0,0,0,0,0,0,0,0,0,0,0,0,20.0,0,0,111,128.5,11.2,1,1.9,0,64.0,,930,0,6.1,12.5
32,young,4832,20,7,970,0,17,1,0,44,2839,110,906,60498,2154.4,62746,4.2,23.8,244.0,54053,43.5,2.4,16.7,15.8,11,0,53049,45457,0,0,0,0,0,0,0,0,0,0,0,0,20.0,0,0,111,73.9,11.2,1,1.9,0,64.0,,949,0,6.3,12.9
33,full-cycle,8393,30,717,0,0,0,1,0,47,259,85,52,60835,2170.0,173906,15.0,15.0,244.0,56238,44.7,2.5,17.3,16.0,11,0,55271,47591,748,5755,858,171074,15,506,20,0,0,0,1026,0,28.0,0,2,105,180.4,0.0,1,1.9,0,64.0,starved,981,0,6.6,13.5
34,young,4405,19,4,615,0,14,1,0,43,3274,104,403,64292,2346.1,72704,4.7,19.7,244.0,57277,45.9,2.5,17.8,16.5,11,0,56342,48143,0,0,0,0,0,0,0,0,0,0,0,0,28.0,0,0,107,134.4,0.0,1,1.9,0,64.0,,998,0,6.7,13.7
35,young,5634,22,7,1629,0,15,1,0,45,2885,107,1000,64851,2371.0,69350,4.7,24.4,244.0,58899,46.9,2.7,18.2,16.7,11,0,57992,49677,0,0,0,0,0,0,0,0,0,0,0,0,28.0,0,0,107,80.3,0.0,1,1.9,0,64.0,,1014,0,6.9,14.2
36,full-cycle,13778,24,1793,0,0,0,1,0,66,1324,93,72,65197,2387.1,183466,15.7,15.7,244.0,61273,48.1,2.7,18.8,16.8,11,0,60408,52062,1817,8336,2264,173544,18,809,34,0,0,0,1351,0,32.0,1,2,102,172.0,1.9,1,1.9,0,64.0,starved,1045,0,7.2,14.8
37,young,4706,27,7,876,0,24,1,0,49,2866,102,823,71008,2546.9,60023,3.9,19.6,244.0,63110,49.8,2.8,19.4,17.4,11,0,62264,53438,0,0,0,0,0,0,0,0,0,0,0,0,34.0,0,0,104,121.0,0.0,1,1.9,0,64.0,,1062,0,7.4,15.2
38,young,5090,28,5,1157,0,17,1,0,44,2695,102,1105,71466,2567.0,63169,4.2,23.7,244.0,65010,50.9,2.8,19.8,17.7,11,0,64196,55290,0,0,0,0,0,0,0,0,0,0,0,0,34.0,0,0,104,68.1,0.0,1,1.9,0,64.0,,1079,0,7.7,15.7
39,full-cycle,8840,158,725,0,0,0,1,0,56,1130,88,63,71961,2587.1,177126,15.2,15.2,244.0,66671,51.9,2.9,20.3,18.0,11,0,65904,56876,883,5105,1800,162891,16,565,22,0,0,0,1041,0,34.0,2,4,98,168.2,3.6,1,1.9,0,64.0,starved,1119,0,7.9,16.1
40,young,4031,58,9,711,0,26,1,0,64,2759,101,365,75525,2737.8,60158,3.9,19.1,244.0,68087,53.3,2.9,20.7,18.7,11,0,67333,57774,0,0,0,0,0,0,0,0,0,0,0,0,34.0,0,0,104,122.4,3.6,1,1.9,0,64.0,,1129,0,8.0,16.5
41,young,5714,29,8,1417,0,23,1,0,54,3058,101,1094,76199,2769.2,62097,3.9,23.1,244.0,70435,54.4,3.0,21.2,18.8,11,0,69716,60140,0,0,0,0,0,0,0,0,0,0,0,0,34.0,0,0,104,64.9,3.6,1,1.9,0,64.0,,1147,0,8.3,17.0
42,full-cycle,9263,18,513,0,0,0,1,0,45,221,91,51,76462,2779.5,182094,15.6,15.6,244.0,72415,55.5,3.1,21.8,19.0,11,0,71701,62083,531,7262,592,179023,16,278,21,0,0,0,871,0,22.0,1,0,109,183.5,1.9,1,1.9,0,64.0,starved,1175,0,8.6,17.5
43,young,4630,44,6,963,0,19,1,0,60,3035,106,451,80596,2960.3,58658,3.8,19.3,244.0,73870,56.5,3.1,22.2,19.1,11,0,73186,63296,0,0,0,0,0,0,0,0,0,0,0,0,24.0,0,0,109,135.4,0.0,1,1.9,0,64.0,,1194,0,8.7,17.8
44,young,4972,24,7,785,0,13,1,0,50,3044,109,1020,81093,2980.5,64681,4.2,23.5,244.0,75375,57.3,3.2,22.6,19.3,11,0,74719,64761,0,0,0,0,0,0,0,0,0,0,0,0,24.0,0,0,109,83.8,0.0,1,1.9,0,64.0,,1212,0,8.9,18.2
45,full-cycle,9866,33,1200,0,0,0,1,0,50,259,85,55,81527,3000.5,178928,15.4,15.4,244.0,77578,58.4,3.2,23.1,19.6,11,0,76962,66902,1233,6259,963,176282,16,597,30,0,0,0,1401,0,36.0,1,4,98,169.0,1.9,1,1.9,0,64.0,starved,1249,0,9.2,18.8
46,young,2967,14,4,234,0,13,1,0,47,2168,100,472,85046,3154.4,69813,4.6,20.0,244.0,78749,59.6,3.3,23.5,20.1,11,0,78152,67532,0,0,0,0,0,0,0,0,0,0,0,0,36.0,0,0,103,124.4,1.9,1,1.9,0,64.0,,1263,0,9.3,19.1
47,young,4004,12,4,340,0,12,1,0,47,2743,102,826,86082,3182.7,60606,3.8,23.9,244.0,80544,61.1,3.3,23.9,20.9,11,0,79975,68889,0,0,0,0,0,0,0,0,0,0,0,1,36.0,0,0,103,69.5,1.9,1,1.9,0,64.0,,1281,0,9.5,19.5
48,full-cycle,11600,23,1314,0,0,0,1,0,60,1174,84,66,86493,3198.0,177560,15.3,15.3,244.0,83007,62.3,3.4,24.4,21.1,11,0,82473,71300,1337,6947,1988,163417,15,702,26,0,0,0,1317,0,40.0,2,3,96,164.2,3.7,1,1.9,0,64.0,starved,1316,0,9.9,20.2
49,young,4714,88,8,1148,0,13,1,0,42,2736,97,645,90204,3358.5,60335,3.8,19.2,244.0,84811,63.9,3.4,24.9,21.8,11,0,84311,72060,0,0,0,0,0,0,0,0,0,0,0,0,42.0,0,0,100,114.9,1.9,1,1.9,0,64.0,,1331,0,10.1,20.6
50,young,5421,21,5,1475,0,12,1,0,41,2808,99,1021,90841,3382.3,62081,3.9,23.1,244.0,86798,65.0,3.5,25.4,22.2,11,0,86326,73861,0,0,0,0,0,0,0,0,0,0,0,0,42.0,0,0,100,58.4,1.9,1,1.9,0,64.0,,1348,0,10.3,21.1
51,full-cycle,10279,22,764,0,0,0,1,1,49,781,100,55,91262,3398.7,175267,15.1,15.1,244.0,88427,66.1,3.5,25.8,22.5,11,0,87883,75374,786,7430,1256,166972,22,366,27,0,0,0,792,0,18.0,3,1,108,185.0,5.6,1,1.9,0,64.0,starved,1386,0,10.5,21.5
52,young,4366,20,7,715,0,17,1,0,48,3078,109,445,95257,3570.7,67862,4.5,19.6,244.0,89574,66.8,3.6,26.2,22.6,11,0,89057,76396,0,0,0,0,0,0,0,0,0,0,0,0,20.0,0,0,111,137.6,3.7,1,1.9,0,64.0,,1402,0,10.7,21.8
53,young,5133,33,6,1111,0,16,1,0,48,2843,111,1014,95959,3600.9,68880,4.5,24.1,244.0,90889,68.1,3.6,26.5,23.2,11,0,90398,77529,0,0,0,0,0,0,0,0,0,0,0,0,20.0,0,0,111,83.7,3.7,1,1.9,0,64.0,,1422,0,10.8,22.1
54,full-cycle,9371,22,814,0,0,0,1,0,59,495,82,66,96464,3617.6,177600,15.3,15.3,244.0,93542,69.6,3.7,27.2,23.7,11,0,93098,80072,836,5996,1245,172103,18,573,88,0,0,0,1276,0,26.0,5,6,97,169.8,9.4,1,1.9,0,64.0,starved,1466,0,11.2,22.8
55,young,3674,34,5,808,0,17,2,0,51,2372,102,345,100003,3771.5,65425,4.2,19.5,244.0,94606,71.5,3.8,27.7,24.8,11,0,94161,80600,0,0,0,0,0,0,0,0,0,0,0,0,28.0,0,0,107,125.9,7.5,1,1.9,0,64.0,,1474,0,11.3,23.1
56,young,4531,19,6,429,0,9,1,0,38,2909,105,1099,100634,3799.7,66818,4.4,23.9,244.0,96632,72.8,3.9,28.4,25.0,11,0,96221,82539,0,0,0,0,0,0,0,0,0,0,0,0,28.0,0,0,107,67.3,7.5,1,1.9,0,64.0,,1494,0,11.6,23.6
57,full-cycle,9475,29,462,0,0,0,1,0,58,62,47,65,100964,3813.3,170868,14.7,14.7,244.0,98628,74.0,3.9,29.0,25.3,11,0,98246,84497,491,7460,406,170793,20,221,32,0,0,0,1108,0,32.0,1,1,103,175.6,1.9,1,1.9,0,64.0,starved,1520,0,11.8,24.1
58,young,5356,27,7,935,0,12,1,0,40,3121,99,1172,106302,3980.6,64312,4.2,18.9,244.0,101765,77.0,4.0,29.9,26.8,11,0,101404,85700,0,0,0,0,0,0,0,0,0,0,0,0,34.0,0,0,104,116.5,0.0,1,1.9,0,64.0,,1537,0,12.2,24.9
59,young,5694,124,7,773,0,21,1,0,66,3569,97,1080,106698,3996.2,69019,4.6,23.5,244.0,103102,78.0,4.1,30.3,27.2,11,0,102777,86784,0,0,0,0,0,0,0,0,0,0,0,0,34.0,0,0,104,65.6,0.0,1,1.9,0,64.0,,1557,0,12.4,25.3
60,full-cycle,9423,19,876,0,0,0,1,0,44,121,92,50,107200,4013.7,177944,15.3,15.3,244.0,104172,79.2,4.1,30.7,27.5,11,0,103857,87760,896,6865,840,176107,16,630,19,0,0,0,815,0,24.0,1,0,108,182.8,1.9,1,1.9,0,64.0,starved,1587,0,12.5,25.6
61,young,3959,140,7,788,0,15,1,1,49,2503,105,426,111904,4193.5,59186,3.8,19.1,244.0,106097,80.3,4.2,31.2,27.7,11,0,105812,89352,0,0,0,0,0,0,0,0,0,0,0,0,26.0,0,0,108,131.1,0.0,1,1.9,0,64.0,,1604,0,12.8,26.1
62,young,4694,25,6,727,0,14,1,0,48,2920,98,921,112336,4213.3,63619,4.1,23.1,244.0,107984,81.2,4.2,31.6,27.9,11,0,107726,91210,0,0,0,0,0,0,0,0,0,0,0,0,26.0,0,0,108,73.5,0.0,1,1.9,0,64.0,,1622,0,13.0,26.6
63,full-cycle,9710,12,818,0,0,0,1,0,40,986,94,46,112685,4226.7,179255,15.4,15.4,244.0,109761,82.3,4.3,32.2,28.1,11,0,109536,92921,830,6047,1719,167338,22,640,20,0,0,0,1084,0,24.0,3,3,103,177.6,5.6,1,1.9,0,64.0,starved,1664,0,13.2,27.0
64,young,4596,23,6,1113,0,15,1,0,46,2722,106,628,116520,4394.8,62658,4.0,19.4,244.0,111644,84.0,4.4,32.6,29.0,11,0,111441,93774,0,0,0,0,0,0,0,0,0,0,0,0,26.0,0,0,108,127.1,3.7,1,1.9,0,64.0,,1677,0,13.4,27.5
65,young,6416,23,6,1326,0,24,1,0,50,3473,100,1482,116991,4415.7,66779,4.4,23.8,244.0,113658,85.1,4.4,33.1,29.3,11,0,113487,95664,0,0,0,0,0,0,0,0,0,0,0,0,26.0,0,0,108,70.5,3.7,1,1.9,0,64.0,,1698,0,13.6,27.9
66,full-cycle,10477,101,998,0,0,0,1,0,50,1225,96,57,117395,4429.7,182225,15.6,15.6,244.0,115248,86.1,4.5,33.6,29.5,11,0,115142,97216,1098,6242,1988,167206,12,655,36,0,0,0,1132,0,20.0,4,7,100,175.7,7.5,1,1.9,0,64.0,starved,1745,0,13.8,28.3
67,young,4104,25,8,732,0,12,1,1,44,2756,106,494,121728,4602.3,59483,3.8,19.5,244.0,116563,87.6,4.5,34.0,30.4,11,0,116454,98177,0,0,0,0,0,0,0,0,0,0,0,0,22.0,0,0,110,128.9,5.6,1,1.9,0,64.0,,1749,0,14.0,28.6
68,young,3314,20,5,230,0,15,1,0,51,2006,107,971,122199,4621.2,60641,3.8,23.3,244.0,118337,88.8,4.6,34.5,30.6,11,0,118253,99911,0,0,0,0,0,0,0,0,0,0,0,0,22.0,0,0,110,73.8,5.6,1,1.9,0,64.0,,1767,0,14.2,29.1
69,full-cycle,10161,17,871,0,0,0,1,0,53,655,90,58,122496,4635.5,178471,15.3,15.3,244.0,120678,89.9,4.7,35.1,30.7,11,0,120617,102269,889,6996,1214,169051,12,460,24,0,0,0,1054,0,22.0,2,0,108,182.5,3.7,1,1.9,0,64.0,starved,1801,0,14.5,29.7
70,young,4621,30,6,1117,0,20,1,0,58,2839,104,474,126065,4807.9,65127,4.2,19.6,244.0,121947,90.7,4.7,35.5,30.8,11,0,121915,103324,0,0,0,0,0,0,0,0,0,0,0,0,24.0,0,0,109,134.1,1.9,1,1.9,0,64.0,,1820,0,14.6,30.0
71,young,3574,16,6,190,0,14,1,0,55,2444,102,826,126488,4828.7,81620,6.1,25.7,244.0,123974,91.6,4.8,36.0,31.0,11,0,123975,105348,0,0,0,0,0,0,0,0,0,0,0,0,24.0,0,0,109,81.1,1.9,1,1.9,0,64.0,,1839,0,14.9,30.5
72,full-cycle,8856,29,657,0,0,0,1,0,133,194,86,139,126892,4847.9,181057,15.5,15.5,244.0,125714,92.5,4.8,36.4,31.1,11,0,125742,107083,686,6325,794,178945,10,423,22,0,0,0,1045,0,26.0,1,1,106,178.1,1.9,1,1.9,0,64.0,starved,1869,0,15.1,30.9
73,young,4122,24,7,681,0,21,1,0,49,2914,101,390,130686,5019.3,67680,4.4,19.9,244.0,127288,93.7,4.9,36.9,31.5,11,0,127353,108112,0,0,0,0,0,0,0,0,0,0,0,0,28.0,0,0,107,127.6,0.0,1,1.9,0,64.0,,1891,0,15.3,31.3
74,young,5012,25,7,1150,0,22,1,0,55,2570,103,1131,131139,5040.8,62829,4.3,24.2,244.0,129116,94.6,4.9,37.3,31.7,11,0,129205,109906,0,0,0,0,0,0,0,0,0,0,0,1,28.0,0,0,107,74.0,0.0,1,1.9,0,64.0,,1908,0,15.5,31.7
75,full-cycle,8916,25,534,0,0,0,1,0,46,906,95,53,131508,5057.0,179992,15.4,15.4,244.0,131049,95.7,5.0,37.8,31.9,11,0,131184,111769,559,6117,1346,171890,12,334,37,0,0,0,872,0,20.0,7,4,100,171.8,13.1,1,1.9,0,64.0,starved,1954,0,15.7,32.2
76,young,4541,29,6,702,0,17,1,0,46,3229,103,478,134929,5211.3,70443,4.7,20.1,244.0,131948,96.8,5.0,38.1,32.5,11,0,132106,112448,0,0,0,0,0,0,0,0,0,0,0,0,22.0,0,0,110,127.1,11.2,1,1.9,0,64.0,,1964,0,15.8,32.4
77,young,3089,14,4,215,0,16,1,0,40,1973,108,818,135579,5243.3,58417,3.7,23.9,244.0,133788,97.8,5.1,38.5,32.7,11,0,133972,114231,0,0,0,0,0,0,0,0,0,0,0,0,22.0,0,0,110,69.2,11.2,1,1.9,0,64.0,,1980,0,16.1,32.9
78,full-cycle,10390,24,961,0,0,0,1,0,58,717,79,65,135860,5259.1,184901,15.8,15.8,244.0,136237,99.2,5.1,39.4,32.8,11,0,136473,116679,984,6646,1290,176206,20,460,22,0,0,0,1451,0,20.0,3,9,99,174.8,5.6,1,1.9,0,64.0,starved,2025,0,16.4,33.5
79,young,4115,22,4,616,0,17,1,0,44,3014,104,369,139404,5403.4,68494,4.6,20.4,244.0,137286,101.2,5.2,39.7,34.2,11,0,137513,116919,0,0,0,0,0,0,0,0,0,0,0,0,22.0,0,0,110,134.5,3.7,1,1.9,0,64.0,,2029,0,16.5,33.8
80,young,5122,49,7,895,0,17,1,1,54,2678,107,1371,140466,5449.8,64420,4.1,24.6,244.0,139180,102.6,5.2,40.2,34.8,11,0,139433,118622,0,0,0,0,0,0,0,0,0,0,0,0,22.0,0,0,110,77.9,3.7,1,1.9,0,64.0,,2047,0,16.7,34.3
81,full-cycle,10591,24,1098,0,0,0,1,0,62,357,86,69,140806,5462.5,189741,16.2,16.2,244.0,141069,103.8,5.3,40.8,35.1,11,0,141349,120455,1122,7387,870,183297,13,390,38,0,0,0,1200,0,26.0,0,1,107,179.5,0.0,1,1.9,0,64.0,starved,2079,0,17.0,34.7
82,young,3605,19,6,358,0,16,1,0,46,2576,107,552,145011,5630.4,57474,3.7,20.0,244.0,142513,105.1,5.3,41.3,35.5,11,0,142832,121494,0,0,0,0,0,0,0,0,0,0,0,0,26.0,0,0,108,131.8,0.0,1,1.9,0,64.0,,2099,0,17.1,35.1
83,young,4882,25,4,893,0,12,1,0,44,2782,106,1088,145403,5652.0,62388,3.9,23.9,244.0,143831,105.8,5.3,41.6,35.6,11,0,144188,122826,0,0,0,0,0,0,0,0,0,0,0,0,26.0,0,0,108,77.9,0.0,1,1.9,0,64.0,,2120,0,17.3,35.4
84,full-cycle,9111,27,789,0,0,0,1,0,54,184,83,59,145777,5668.8,179227,15.4,15.4,244.0,146046,107.3,5.4,42.3,35.9,11,0,146431,124945,815,6594,744,177779,16,460,21,0,0,0,951,0,28.0,0,2,105,180.3,0.0,1,1.9,0,64.0,starved,2148,0,17.6,36.0
85,young,4300,30,5,628,0,16,1,1,49,3094,106,430,149385,5831.8,65563,4.3,19.7,244.0,146968,108.2,5.5,42.6,36.2,11,0,147378,125684,0,0,0,0,0,0,0,0,0,0,0,0,28.0,0,0,107,133.2,0.0,1,1.9,0,64.0,,2165,0,17.7,36.2
86,young,5386,18,4,1243,0,15,1,0,56,2682,104,1325,149936,5857.5,65879,4.2,23.9,244.0,149080,109.4,5.5,43.2,36.4,11,0,149517,127761,0,0,0,0,0,0,0,0,0,0,0,1,28.0,0,0,107,75.1,0.0,1,1.9,0,64.0,,2183,0,17.9,36.7
87,full-cycle,10344,31,1256,0,0,0,1,0,54,603,88,60,150295,5873.2,175927,15.2,15.2,244.0,151317,110.6,5.6,43.7,36.7,11,0,151790,129932,1286,6858,1150,170021,14,420,47,0,0,0,1029,0,18.0,7,4,101,175.7,13.1,1,1.9,0,64.0,starved,2228,0,18.2,37.3
88,young,4219,17,4,727,0,16,1,1,57,3009,103,357,153956,6033.0,63487,4.1,19.2,244.0,152341,112.0,5.6,44.1,37.4,11,0,152837,130444,0,0,0,0,0,0,0,0,0,0,0,0,20.0,0,0,111,129.3,11.2,1,1.9,0,64.0,,2236,0,18.3,37.5
89,young,4542,11,3,417,0,20,1,1,63,3091,111,913,154541,6058.2,66904,4.4,23.6,244.0,154257,113.2,5.7,44.5,37.8,11,0,154786,132209,0,0,0,0,0,0,0,0,0,0,0,0,20.0,0,0,111,70.1,11.2,1,1.9,0,64.0,,2254,0,18.6,38.0
90,full-cycle,7324,15,883,0,0,0,1,0,41,122,78,46,154878,6073.3,178108,15.3,15.3,244.0,156438,114.3,5.8,45.1,37.9,11,0,156998,134392,898,4649,817,176716,12,611,23,0,0,0,953,0,24.0,1,1,107,182.2,1.9,1,1.9,0,64.0,starved,2282,0,18.8,38.6
91,young,4086,30,5,864,0,15,1,0,48,2745,104,332,159090,6249.6,61798,3.9,19.3,244.0,157603,115.4,5.8,45.5,38.4,11,0,158193,135092,0,0,0,0,0,0,0,0,0,0,0,0,26.0,0,0,108,136.6,0.0,1,1.9,0,64.0,,2299,0,19.0,38.9
92,young,4344,17,3,705,0,24,1,1,53,2528,104,986,159621,6274.2,59329,3.8,23.1,244.0,159734,116.7,5.9,46.1,38.7,11,0,160346,137154,0,0,0,0,0,0,0,0,0,0,0,0,26.0,0,0,108,80.1,0.0,1,1.9,0,64.0,,2317,0,19.3,39.4
93,full-cycle,10255,38,867,0,0,0,1,1,51,1438,95,57,159924,6287.7,174639,15.0,15.0,244.0,161756,117.7,5.9,46.7,38.8,11,0,162396,139157,905,6357,1875,161026,15,330,32,0,0,0,1102,0,28.0,2,1,104,177.0,3.7,1,1.9,0,64.0,starved,2350,0,19.5,39.9
94,young,3892,27,4,1035,0,10,1,0,42,2363,104,358,163898,6453.8,68316,4.5,19.5,244.0,162884,118.8,6.0,47.2,39.1,11,0,163561,140066,0,0,0,0,0,0,0,0,0,0,0,0,30.0,0,0,106,128.0,1.9,1,1.9,0,64.0,,2368,0,19.6,40.2
95,young,5158,57,6,1194,0,16,1,0,49,2664,104,1133,164460,6477.4,59585,3.8,23.3,244.0,164965,119.9,6.0,47.7,39.4,11,0,165660,142041,0,0,0,0,0,0,0,0,0,0,0,0,30.0,0,0,106,71.9,1.9,1,1.9,0,64.0,,2384,0,19.9,40.7
96,full-cycle,8806,26,852,0,0,0,1,1,48,626,91,54,164805,6492.0,179409,15.4,15.4,244.0,167098,121.2,6.1,48.3,39.6,11,0,167823,144124,878,5892,1102,172017,12,352,54,0,0,0,924,0,28.0,2,1,104,176.5,3.7,1,1.9,0,64.0,starved,2421,0,20.1,41.2
97,young,4071,18,4,909,0,14,1,0,46,2627,103,414,168602,6663.6,61766,4.0,19.4,244.0,168557,122.3,6.1,48.7,40.1,11,0,169308,145134,0,0,0,0,0,0,0,0,0,0,0,0,30.0,0,0,106,128.7,1.9,1,1.9,0,64.0,,2437,0,20.3,41.6
98,young,4779,14,4,1014,0,15,1,1,51,2594,103,1055,169173,6686.2,66106,4.3,23.7,244.0,170701,123.3,6.2,49.2,40.2,11,0,171489,147273,0,0,0,0,0,0,0,0,0,0,0,0,30.0,0,0,106,70.9,1.9,1,1.9,0,64.0,,2456,0,20.6,42.1
99,full-cycle,9772,32,1173,0,0,0,1,0,56,434,93,62,169476,6699.7,176977,15.2,15.2,244.0,172642,124.6,6.3,49.9,40.4,11,0,173465,149180,1204,6285,1346,171520,14,811,20,0,0,0,930,0,32.0,1,0,104,175.1,1.9,1,1.9,0,64.0,starved,2488,0,20.8,42.6
100,young,3547,20,4,509,0,12,1,0,45,2491,103,442,173132,6870.5,58883,3.8,19.0,244.0,173929,125.5,6.3,50.3,40.7,11,0,174785,150128,0,0,0,0,0,0,0,0,0,0,0,0,34.0,0,0,104,128.4,0.0,1,1.9,0,64.0,,2509,0,20.9,42.9
101,young,3210,15,3,189,0,12,1,0,43,2031,103,902,173652,6893.3,68803,4.5,23.5,244.0,175894,126.5,6.4,50.7,40.8,11,0,176781,152063,0,0,0,0,0,0,0,0,0,0,0,0,34.0,0,0,104,72.3,0.0,1,1.9,0,64.0,,2526,0,21.2,43.4
102,full-cycle,9654,40,1205,0,0,0,1,0,49,161,82,55,173927,6906.2,176917,15.2,15.2,244.0,178325,127.7,6.4,51.3,41.0,11,0,179253,154454,1245,6801,502,175797,22,236,24,0,0,0,1090,0,30.0,4,6,96,169.5,7.5,1,1.9,0,64.0,starved,2566,0,21.5,44.1
103,young,4646,19,5,1279,0,17,1,1,43,2657,99,593,177804,7059.3,58155,3.7,19.0,244.0,180355,129.8,6.5,51.8,42.2,11,0,181292,154895,0,0,0,0,0,0,0,0,0,0,0,0,32.0,0,0,105,119.3,5.6,1,1.9,0,64.0,,2578,0,21.7,44.6
104,young,5054,22,14,1296,0,12,1,0,40,2595,100,1029,178367,7084.0,66962,4.3,23.3,244.0,182727,130.9,6.6,52.4,42.4,11,0,183694,157265,0,0,0,0,0,0,0,0,0,0,0,1,32.0,0,0,105,65.1,5.6,1,1.9,0,64.0,,2597,0,22.0,45.2
105,full-cycle,9294,23,842,0,0,0,1,1,52,190,96,58,178708,7097.8,177402,15.3,15.3,244.0,184072,132.0,6.6,52.8,42.8,11,0,185033,158510,864,6985,551,175179,16,252,30,0,0,0,888,0,22.0,1,0,109,184.7,1.9,1,1.9,0,64.0,starved,2631,0,22.2,45.5
106,young,3834,25,4,873,0,17,1,0,46,2466,109,357,182697,7278.5,61832,4.0,19.2,244.0,185367,132.7,6.7,53.1,43.0,11,0,186353,159594,0,0,0,0,0,0,0,0,0,0,0,0,24.0,0,0,109,135.7,0.0,1,1.9,0,64.0,,2649,0,22.3,45.8
107,young,4116,81,4,680,0,10,1,1,40,2357,102,911,183163,7299.0,64938,4.3,23.5,244.0,187660,134.0,6.7,53.7,43.3,11,0,188678,161693,0,0,0,0,0,0,0,0,0,0,0,0,24.0,0,0,109,77.9,0.0,1,1.9,0,64.0,,2667,0,22.6,46.4
108,full-cycle,10307,10,678,0,0,0,2,1,81,170,85,90,183479,7312.0,177734,15.3,15.3,244.0,189345,135.1,6.8,54.2,43.5,11,0,190389,163318,688,7454,825,176426,13,503,45,0,0,0,1318,0,24.0,2,0,107,181.4,3.7,1,1.9,0,64.0,starved,2693,0,22.8,46.8
109,young,3892,18,4,1064,0,12,1,0,46,2032,105,692,188003,7481.1,61121,3.9,19.2,244.0,191675,136.8,6.8,55.0,43.9,11,0,192743,165308,0,0,0,0,0,0,0,0,0,0,0,0,26.0,0,0,108,124.9,1.9,1,1.9,0,64.0,,2712,0,23.2,47.5
110,young,4368,12,3,510,0,15,1,1,55,2767,99,983,188364,7496.6,65185,4.2,23.5,244.0,193629,137.8,6.9,55.5,44.0,11,0,194735,167258,0,0,0,0,0,0,0,0,0,0,0,0,26.0,0,0,108,68.0,1.9,1,1.9,0,64.0,,2731,0,23.4,47.9
111,full-cycle,9838,20,974,0,0,0,2,0,45,333,101,51,188680,7510.5,178357,15.3,15.3,244.0,194894,138.6,6.9,55.9,44.1,11,0,196033,168500,993,7144,772,174057,16,340,28,0,0,0,914,0,18.0,4,1,107,182.7,7.4,1,1.9,0,64.0,starved,2771,0,23.5,48.2
112,young,4237,20,4,924,0,13,1,0,44,2634,108,568,192555,7684.3,59845,3.9,19.1,244.0,196406,139.7,7.0,56.4,44.5,11,0,197581,169564,0,0,0,0,0,0,0,0,0,0,0,0,18.0,0,0,112,132.8,7.4,1,1.9,0,64.0,,2786,0,23.7,48.6
113,young,5150,26,4,888,0,19,1,1,64,3211,102,888,193018,7705.1,85449,6.3,25.4,244.0,198264,140.7,7.0,56.9,44.7,11,0,199480,171387,0,0,0,0,0,0,0,0,0,0,0,0,18.0,0,0,112,72.5,7.4,1,1.9,0,64.0,,2805,0,24.0,49.2
114,full-cycle,10173,55,1092,0,0,0,1,0,189,781,95,196,193287,7716.6,175420,15.1,15.1,244.0,200441,141.9,7.1,57.5,44.9,11,0,201687,173538,1147,6725,1189,165606,10,177,21,0,0,0,1103,0,16.0,3,0,110,186.3,5.6,1,1.9,0,64.0,starved,2842,0,24.2,49.7
115,young,4454,30,4,1643,0,13,1,0,45,2324,109,352,197242,7895.8,74194,4.9,20.0,244.0,201692,142.9,7.2,57.9,45.2,11,0,202970,174458,0,0,0,0,0,0,0,0,0,0,0,0,18.0,0,0,112,137.1,3.7,1,1.9,0,64.0,,2857,0,24.4,50.0
116,young,4650,40,5,1158,0,17,1,0,43,2405,111,949,197832,7916.5,50357,3.4,23.3,244.0,203249,143.9,7.2,58.3,45.5,11,0,204572,175936,0,0,0,0,0,0,0,0,0,0,0,0,18.0,0,0,112,84.5,3.7,1,1.9,0,64.0,,2882,0,24.6,50.4
117,full-cycle,7102,17,793,0,0,0,1,0,46,653,89,52,198324,7937.9,174250,14.9,14.9,244.0,205046,144.9,7.2,58.8,45.8,11,0,206398,177680,810,4238,1232,166307,12,492,20,0,0,0,815,0,22.0,1,0,109,184.0,1.9,1,1.9,0,64.0,starved,2911,0,24.8,50.9
118,young,3860,30,5,968,0,15,1,1,48,2362,108,391,201708,8104.0,60253,3.9,18.8,244.0,206034,145.6,7.3,59.2,45.9,11,0,207412,178558,0,0,0,0,0,0,0,0,0,0,0,0,24.0,0,0,109,138.2,0.0,1,1.9,0,64.0,,2929,0,25.0,51.1
119,young,4342,18,5,612,0,19,1,0,56,2430,108,1176,202495,8131.0,58242,3.8,22.6,244.0,207622,147.0,7.3,59.7,46.4,11,0,209030,179996,0,0,0,0,0,0,0,0,0,0,0,1,24.0,0,0,109,84.7,0.0,1,1.9,0,64.0,,2948,0,25.1,51.5
120,full-cycle,10286,43,1289,0,0,0,1,0,64,79,74,71,202864,8148.1,173206,14.9,14.9,244.0,209678,148.2,7.4,60.3,46.7,11,0,211113,181986,1332,7457,356,172880,19,146,35,0,0,0,1132,0,28.0,1,2,104,178.4,1.9,1,1.9,0,64.0,starved,2981,0,25.4,52.0
121,young,4820,20,5,794,0,16,1,1,54,2844,99,1050,207132,8311.9,64789,4.3,19.2,244.0,212441,150.0,7.5,60.9,47.4,11,0,213902,183927,0,0,0,0,0,0,0,0,0,0,0,0,30.0,0,0,106,122.0,0.0,1,1.9,0,64.0,,2996,0,25.8,52.8
122,young,4383,26,4,976,0,15,1,1,51,2380,100,884,207474,8326.1,60675,3.8,23.0,244.0,213902,150.8,7.5,61.2,47.6,11,0,215395,185365,0,0,0,0,0,0,0,0,0,0,0,0,30.0,0,0,106,71.0,0.0,1,1.9,0,64.0,,3015,0,25.9,53.2
123,full-cycle,9241,15,792,0,0,0,1,0,54,275,99,60,207986,8347.2,177859,15.3,15.3,244.0,215039,151.8,7.6,61.6,47.9,11,0,216564,186405,807,6612,968,175967,14,587,29,0,0,0,848,0,28.0,1,1,105,178.9,1.9,1,1.9,0,64.0,starved,3046,0,26.1,53.4
124,young,4083,29,6,864,0,20,1,0,53,2653,106,440,212107,8518.6,56089,3.6,18.9,244.0,216932,152.9,7.6,62.0,48.3,11,0,218479,187747,0,0,0,0,0,0,0,0,0,0,0,0,30.0,0,0,106,126.4,0.0,1,1.9,0,64.0,,3063,0,26.3,53.9
125,young,4896,94,6,1272,0,11,1,1,50,2418,103,996,212466,8534.8,62373,3.9,22.8,244.0,218904,153.9,7.7,62.6,48.4,11,0,220483,189706,0,0,0,0,0,0,0,0,0,0,0,0,30.0,0,0,106,68.2,0.0,1,1.9,0,64.0,,3084,0,26.5,54.4
126,full-cycle,10185,13,408,0,0,0,1,1,53,739,93,58,212757,8546.9,184535,15.9,15.9,244.0,220958,155.2,7.8,63.1,48.6,11,0,222542,191692,422,7621,1086,173393,11,232,42,0,0,0,1040,0,20.0,3,0,108,182.5,5.6,1,1.9,0,64.0,starved,3116,0,26.8,54.9
127,young,5107,19,4,1260,0,16,1,0,48,2860,108,855,216835,8724.7,60987,3.9,19.8,244.0,222755,156.3,7.8,63.6,48.9,11,0,224373,193156,0,0,0,0,0,0,0,0,0,0,0,0,22.0,0,0,110,129.7,3.7,1,1.9,0,64.0,,3133,0,27.0,55.3
128,young,4713,18,3,1013,0,14,1,0,43,2722,105,865,217294,8743.2,64710,4.2,24.0,244.0,224845,157.2,7.9,64.1,49.0,11,0,226496,195263,0,0,0,0,0,0,0,0,0,0,0,0,22.0,0,0,110,72.1,3.7,1,1.9,0,64.0,,3152,0,27.2,55.8
129,full-cycle,9274,16,681,0,0,0,1,1,50,678,96,55,217607,8757.5,185083,15.9,15.9,244.0,226332,158.3,7.9,64.7,49.1,11,0,228028,196707,697,6350,1303,173377,18,524,25,0,0,0,916,0,24.0,1,4,104,181.1,1.9,1,1.9,0,64.0,starved,3187,0,27.4,56.2
130,young,4310,29,4,676,0,19,1,1,49,2600,106,888,221610,8932.8,61961,4.0,19.9,244.0,228107,160.0,8.0,65.1,50.1,11,0,229815,197273,0,0,0,0,0,0,0,0,0,0,0,0,26.0,0,0,108,128.7,0.0,1,1.9,0,64.0,,3201,0,27.6,56.7
131,young,4474,34,5,715,0,15,1,0,43,2670,105,956,222016,8950.8,59507,3.8,23.7,244.0,230225,161.0,8.0,65.6,50.3,11,0,231966,199343,0,0,0,0,0,0,0,0,0,0,0,0,26.0,0,0,108,73.9,0.0,1,1.9,0,64.0,,3219,0,27.9,57.2
132,full-cycle,7792,19,915,0,0,0,1,0,48,301,93,54,222321,8965.0,175128,15.1,15.1,244.0,231941,161.9,8.1,66.1,50.5,11,0,233716,201037,934,5096,768,172105,14,378,16,0,0,0,977,0,12.0,8,1,106,181.3,14.9,1,1.9,0,64.0,starved,3264,0,28.1,57.6
133,young,3742,22,5,1187,0,13,1,1,54,2087,106,335,226146,9132.6,65660,4.3,19.4,244.0,233236,162.8,8.1,66.5,50.8,11,0,235025,201907,0,0,0,0,0,0,0,0,0,0,0,0,12.0,0,0,115,132.5,14.9,1,1.9,0,64.0,,3270,0,28.3,58.0
134,young,4412,19,4,701,0,16,2,0,59,2730,109,846,226627,9152.1,63593,4.1,23.5,244.0,235075,164.0,8.2,67.1,51.1,11,0,236892,203685,0,0,0,0,0,0,0,0,0,0,0,0,12.0,0,0,115,76.0,14.9,1,1.9,0,64.0,,3288,0,28.5,58.4
135,full-cycle,8528,156,1189,0,0,0,1,0,48,385,81,54,226947,9166.1,175392,15.1,15.1,244.0,237224,165.3,8.2,67.9,51.2,11,0,239073,205824,1345,5076,1226,171434,14,748,20,0,0,0,874,0,14.0,1,0,113,192.9,1.9,1,1.9,0,64.0,starved,3318,0,28.8,59.0
136,young,3976,157,4,862,0,14,1,0,44,2435,104,429,231613,9349.1,62297,4.0,19.1,244.0,238470,166.3,8.3,68.3,51.5,11,0,240350,206737,0,0,0,0,0,0,0,0,0,0,0,0,16.0,0,0,113,143.7,0.0,1,1.9,0,64.0,,3336,0,28.9,59.3
137,young,4490,24,23,844,0,10,1,0,42,2556,102,967,231965,9365.0,57903,3.7,22.8,244.0,240177,167.5,8.3,68.9,51.7,11,0,242094,208399,0,0,0,0,0,0,0,0,0,0,0,0,16.0,0,0,113,89.0,0.0,1,1.9,0,64.0,,3357,0,29.1,59.7
138,full-cycle,9664,93,885,0,0,0,1,0,54,657,100,61,232434,9383.3,174940,15.1,15.1,244.0,241857,168.8,8.4,69.4,52.0,11,0,243798,210028,977,6369,1189,167995,18,423,24,0,0,0,1118,0,18.0,2,0,110,187.7,3.7,1,1.9,0,64.0,starved,3392,0,29.3,60.1
139,young,4051,18,5,781,0,14,1,0,48,2752,108,418,236498,9559.5,67451,4.4,19.5,244.0,243163,169.7,8.4,69.8,52.2,11,0,245134,210999,0,0,0,0,0,0,0,0,0,0,0,0,20.0,0,0,111,138.1,1.9,1,1.9,0,64.0,,3409,0,29.5,60.4
140,young,4659,36,5,833,0,16,1,0,56,2671,105,1000,236980,9579.1,60844,3.9,23.4,244.0,245091,170.7,8.5,70.3,52.5,11,0,247091,212877,0,0,0,0,0,0,0,0,0,0,0,0,20.0,0,0,111,79.5,1.9,1,1.9,0,64.0,,3425,0,29.7,60.9
141,full-cycle,9893,55,1068,0,0,0,1,0,46,1016,96,52,237336,9592.8,183104,15.7,15.7,244.0,247307,172.2,8.5,71.0,52.8,11,0,249340,215015,1122,5614,2009,170910,17,869,50,0,0,0,1120,0,16.0,6,1,106,179.1,11.0,1,1.9,0,64.0,starved,3466,0,30.0,61.4
142,young,4364,18,4,790,0,15,1,0,47,3009,105,441,241172,9760.7,63363,4.2,19.8,244.0,248574,173.2,8.6,71.4,53.1,11,0,250629,215833,0,0,0,0,0,0,0,0,0,0,0,0,18.0,0,0,112,132.0,9.1,1,1.9,0,64.0,,3476,0,30.1,61.8
143,young,3694,21,6,473,0,14,1,0,53,2313,106,779,241658,9780.2,64636,4.2,24.0,244.0,250218,174.3,8.6,71.9,53.4,11,0,252303,217390,0,0,0,0,0,0,0,0,0,0,0,0,18.0,0,0,112,76.4,9.1,1,1.9,0,64.0,,3495,0,30.3,62.2
144,full-cycle,9733,18,1072,0,0,0,1,1,56,91,89,62,242101,9798.6,173612,15.0,15.0,244.0,252333,175.8,8.7,72.6,53.8,11,0,254458,219438,1090,7129,568,173113,15,362,34,0,0,0,939,0,16.0,1,1,111,191.2,1.9,1,1.9,0,64.0,starved,3529,0,30.6,62.7
145,young,4587,17,4,772,0,19,1,0,52,2514,109,1181,246218,9974.1,60256,3.9,18.9,244.0,254878,177.2,8.8,73.1,54.2,11,0,257027,221634,0,0,0,0,0,0,0,0,0,0,0,0,18.0,0,0,112,139.2,0.0,1,1.9,0,64.0,,3548,0,30.9,63.3
146,young,3649,16,3,497,0,15,1,0,48,2184,102,860,246711,9996.0,61831,3.9,22.8,244.0,256385,178.0,8.8,73.5,54.4,11,0,258569,223121,0,0,0,0,0,0,0,0,0,0,0,0,18.0,0,0,112,84.1,0.0,1,1.9,0,64.0,,3568,0,31.1,63.7
147,full-cycle,9135,67,1142,0,0,0,1,1,82,602,92,88,247044,10010.1,177272,15.3,15.3,244.0,257775,178.9,8.8,73.9,54.5,11,0,259989,224469,1208,5434,1506,171776,21,763,26,0,0,0,972,0,22.0,1,1,108,185.1,1.9,1,1.9,0,64.0,starved,3601,0,31.3,64.1
148,young,4981,20,4,1242,0,15,2,0,46,2592,107,1014,251422,10189.8,61358,4.0,19.2,244.0,260261,181.0,8.9,74.6,55.5,11,0,262516,225797,0,0,0,0,0,0,0,0,0,0,0,0,22.0,0,0,110,128.8,1.9,1,1.9,0,64.0,,3623,0,31.6,64.7
149,young,4788,20,4,900,0,22,2,1,58,2819,102,915,251700,10202.0,66251,4.3,23.5,244.0,261886,181.9,9.0,75.0,55.8,11,0,264165,227341,0,0,0,0,0,0,0,0,0,0,0,0,22.0,0,0,110,76.1,1.9,1,1.9,0,64.0,,3637,0,31.8,65.1
150,full-cycle,7658,32,838,0,0,0,1,0,41,81,84,46,252123,10219.1,176942,15.3,15.3,244.0,263366,182.9,9.0,75.5,56.1,11,0,265661,228715,870,5376,549,176297,36,356,26,0,0,0,832,0,8.0,8,1,108,185.6,14.6,1,1.9,0,64.0,starved,3678,0,31.9,65.5
151,young,4536,29,4,766,0,16,1,0,51,3003,108,626,255953,10394.1,63682,4.1,19.4,244.0,264752,184.0,9.1,75.9,56.4,11,0,267074,229732,0,0,0,0,0,0,0,0,0,0,0,0,8.0,0,0,117,135.2,14.6,1,1.9,0,64.0,,3685,0,32.1,65.8
152,young,4523,22,4,542,0,14,1,0,45,2812,113,1047,256362,10409.9,65066,4.2,23.5,244.0,267059,185.3,9.2,76.4,56.7,11,0,269412,231955,0,0,0,0,0,0,0,0,0,0,0,0,8.0,0,0,117,76.0,14.6,1,1.9,0,64.0,,3702,0,32.4,66.4
153,full-cycle,9595,25,872,0,0,0,1,1,54,964,98,60,256673,10421.9,179229,15.5,15.5,244.0,268941,186.4,9.2,77.0,56.9,11,0,271355,233796,897,6294,1343,168666,15,260,41,0,0,0,1053,0,12.0,1,9,105,193.0,1.9,1,1.9,0,64.0,starved,3749,0,32.6,66.8
154,young,4965,44,4,851,0,19,1,1,52,3314,109,648,260986,10589.0,69060,4.5,20.0,244.0,270593,188.8,9.3,77.5,58.6,11,0,272999,233962,0,0,0,0,0,0,0,0,0,0,0,0,14.0,0,0,114,145.2,0.0,1,1.9,0,64.0,,3755,0,32.7,67.2
155,young,5028,25,6,375,0,14,1,0,50,3387,107,1143,261790,10621.2,86436,6.2,26.1,244.0,272622,190.1,9.3,78.0,59.1,11,0,275058,235630,0,0,0,0,0,0,0,0,0,0,0,0,14.0,0,0,114,83.8,0.0,1,1.9,0,64.0,,3774,0,33.0,67.8
